INSERT INTO actor (
actor_id, first_name, last_name, last_update)
VALUES (1, 'PENELOPE',	'GUINESS','2006-02-15 4:34');


INSERT INTO actor (
actor_id, first_name, last_name, last_update)
VALUES (2,	'NICK'	,'WAHLBERG','2006-02-15 4:34');

INSERT INTO actor (
actor_id, first_name, last_name, last_update)
VALUES (3,	'ED',	'CHASE',	'2006-02-15 4:34');

INSERT INTO actor (
actor_id, first_name, last_name, last_update)
VALUES (4,	'JENNIFER',	'DAVIS',	'2006-02-15 4:34');

INSERT INTO actor (
actor_id, first_name, last_name, last_update)
VALUES (5,	'JOHNNY',	'LOLLOBRIGIDA',	'2006-02-15 4:34');

INSERT INTO actor (
actor_id, first_name, last_name, last_update)
VALUES (6,	'BETTE',	'NICHOLSON',	'2006-02-15 4:34');

INSERT INTO actor (
actor_id, first_name, last_name, last_update)
VALUES (7,	'GRACE',	'MOSTEL',	'2006-02-15 4:34');

INSERT INTO actor (
actor_id, first_name, last_name, last_update)
VALUES (8,	'MATTHEW',	'JOHANSSON',	'2006-02-15 4:34');

INSERT INTO actor (
actor_id, first_name, last_name, last_update)
VALUES (9,	'JOE',	'SWANK',	'2006-02-15 4:34');

INSERT INTO actor (
actor_id, first_name, last_name, last_update)
VALUES (10,	'CHRISTIAN',	'GABLE',	'2006-02-15 4:34');





INSERT INTO address (
address_id, address, address2, district, city_id, postal_code, phone,last_update)
VALUES (1,	'47 MySakila Drive',	'NULL',	'Alberta',	300 ,'NULL','NULL','2014-09-25 22:30');

INSERT INTO address (
address_id, address, address2, district, city_id, postal_code, phone,last_update)
VALUES (2,	'28 MySQL Boulevard',	'NULL',	'QLD',	576 , 'NULL','NULL','2014-09-25 22:30');

INSERT INTO address (
address_id, address, address2, district, city_id, postal_code, phone,last_update)
VALUES (3,	'23 Workhaven Lane',	'NULL',	'Alberta',	300,'NULL',		14033335568 ,'2014-09-25 22:30');

INSERT INTO address (
address_id, address, address2, district, city_id, postal_code, phone,last_update)
VALUES (4,	'1411 Lillydale Drive',	'NULL',	'QLD',	576,	'NULL',	6172235589 ,'2014-09-25 22:30');

INSERT INTO address (
address_id, address, address2, district, city_id, postal_code, phone,last_update)
VALUES (5,	'1913 Hanoi Way',	'NULL',	'Nagasaki',	463,	35200,	28303384290,'2014-09-25 22:31');





INSERT INTO category (
category_id, NAME, last_update)
VALUES (1,	'Action','2006-02-15 04:46');

INSERT INTO category (
category_id, NAME, last_update)
VALUES (2,	'Animation','2006-02-15 04:46');

INSERT INTO category (
category_id, NAME, last_update)
VALUES (3,	'Children','2006-02-15 04:46');

INSERT INTO category (
category_id, NAME, last_update)
VALUES (4,	'Classics','2006-02-15 04:46');


INSERT INTO category (
category_id, NAME, last_update)
VALUES (5,	'Comedy' ,'2006-02-15 04:46');

INSERT INTO category (
category_id, NAME, last_update)
VALUES (6,	'Documentary','2006-02-15 04:46');


INSERT INTO category (
category_id, NAME, last_update)
VALUES (7,	'Drama','2006-02-15 04:46');

INSERT INTO category (
category_id, NAME, last_update)
VALUES (8,	'Family','2006-02-15 04:46');

INSERT INTO category (
category_id, NAME, last_update)
VALUES (9,	'Foreign','2006-02-15 04:46');

INSERT INTO category (
category_id, NAME, last_update)
VALUES (10,	'Games' ,'2006-02-15 04:46');

INSERT INTO category (
category_id, NAME, last_update)
VALUES (11,	'Horror','2006-02-15 04:46');


INSERT INTO category (
category_id, NAME, last_update)
VALUES (12,	'Music','2006-02-15 04:46');

INSERT INTO category (
category_id, NAME, last_update)
VALUES (13,	'New','2006-02-15 04:46');

INSERT INTO category (
category_id, NAME, last_update)
VALUES (14,	'Sci-Fi','2006-02-15 04:46');

INSERT INTO category (
category_id, NAME, last_update)
VALUES (15,	'Sports','2006-02-15 04:46');

INSERT INTO category (
category_id, NAME, last_update)
VALUES (16,	'Travel','2006-02-15 04:46');




INSERT INTO city (
city_id, city, country_id, last_update)
VALUES (5	,'Adana'	,97,'2006-02-15 04:45');


INSERT INTO city (
city_id, city, country_id, last_update)
VALUES (6,	'Addis Abeba',	31,'2006-02-15 04:45');


INSERT INTO city (
city_id, city, country_id, last_update)
VALUES (7,	'Aden',	107,'2006-02-15 04:45');


INSERT INTO city (
city_id, city, country_id, last_update)
VALUES (8	,'Adoni'	,44,'2006-02-15 04:45');


INSERT INTO city (
city_id, city, country_id, last_update)
VALUES (9,	'Ahmadnagar',	44,'2006-02-15 04:45');


INSERT INTO city (
city_id, city, country_id, last_update)
VALUES (10,	'Akishima',	50,'2006-02-15 04:45');




INSERT INTO country (
country_id, country, last_update)
VALUES (1,'Afghanistan','2006-02-15 04:44');

INSERT INTO country (
country_id, country, last_update)
VALUES (2,	'Algeria','2006-02-15 04:44');

INSERT INTO country (
country_id, country, last_update)
VALUES (3,	'American Samoa','2006-02-15 04:44');

INSERT INTO country (
country_id, country, last_update)
VALUES (4,	'Angola','2006-02-15 04:44');

INSERT INTO country (
country_id, country, last_update)
VALUES (5,	'Anguilla','2006-02-15 04:44');

INSERT INTO country (
country_id, country, last_update)
VALUES (6,	'Argentina','2006-02-15 04:44');

INSERT INTO country (
country_id, country, last_update)
VALUES (7,	'Armenia','2006-02-15 04:44');

INSERT INTO country (
country_id, country, last_update)
VALUES (8,	'Australia','2006-02-15 04:44');

INSERT INTO country (
country_id, country, last_update)
VALUES (9,	'Austria','2006-02-15 04:44');

INSERT INTO country (
country_id, country, last_update)
VALUES (10,	'Azerbaijan','2006-02-15 04:44');





INSERT INTO customer (
customer_id, store_id, first_name, last_name,email,address_id, active, create_date, last_update)
VALUES (1,	1,	'MARY',	'SMITH',	'MARY.SMITH@sakilacustomer.org',	5,	1, '2006-02-14 22:04', '2006-02-15 04:57');

INSERT INTO customer (
customer_id, store_id, first_name, last_name,email,address_id, active, create_date, last_update)
VALUES (2,	1,	'PATRICIA',	'JOHNSON',	'PATRICIA.JOHNSON@sakilacustomer.org',	6,	1, '2006-02-14 22:04', '2006-02-15 04:57');


INSERT INTO customer (
customer_id, store_id, first_name, last_name,email,address_id, active, create_date, last_update)
VALUES (3,	1,	'LINDA',	'WILLIAMS',	'LINDA.WILLIAMS@sakilacustomer.org',	7,	1, '2006-02-14 22:04', '2006-02-15 04:57');


INSERT INTO customer (
customer_id, store_id, first_name, last_name,email,address_id, active, create_date, last_update)
VALUES (4,	2,	'BARBARA',	'JONES',	'BARBARA.JONES@sakilacustomer.org',	8,	1, '2006-02-14 22:04', '2006-02-15 04:57');


INSERT INTO customer (
customer_id, store_id, first_name, last_name,email,address_id, active, create_date, last_update)
VALUES (5,	1,	'ELIZABETH',	'BROWN',	'ELIZABETH.BROWN@sakilacustomer.org',	9,	1, '2006-02-14 22:04', '2006-02-15 04:57');




INSERT INTO film (
film_id, title,DESCRIPTION,release_year, language_id,original_language_id, rental_duration,rental_rate, LENGTH,replacement_cost,rating,special_features, last_update)
VALUES (1,	'ACADEMY DINOSAUR',	'A Epic Drama of a Feminist And a Mad Scientist who must Battle a Teacher in The Canadian Rockies',	2006,	1,	0,	6,	0.99,	86,	20.99,	'PG',	'Deleted Scenes ', '2006-02-15 05:03');

INSERT INTO film (
film_id, title,DESCRIPTION,release_year, language_id,original_language_id, rental_duration,rental_rate, LENGTH,replacement_cost,rating,special_features, last_update)
VALUES (2	,'ACE GOLDFINGER	A Astounding Epistle of a Database Administrator And a Explorer who must Find a Car in Ancient China'	,2006,	1,	0	,3	,4.99	,48	,12.99	,'G'	,'Trailers', '2006-02-15 05:03');

INSERT INTO film (
film_id, title,DESCRIPTION,release_year, language_id,original_language_id, rental_duration,rental_rate, LENGTH,replacement_cost,rating,special_features, last_update)
VALUES (3,	'ADAPTATION HOLES','	A Astounding Reflection of a Lumberjack And a Car who must Sink a Lumberjack in A Baloon Factory',	2006,	1,	0,	7,	2.99,	50,	18.99,	'NC-17',	'Trailers', '2006-02-15 05:03');

INSERT INTO film (
film_id, title,DESCRIPTION,release_year, language_id,original_language_id, rental_duration,rental_rate, LENGTH,replacement_cost,rating,special_features, last_update)
VALUES (4,	'AFFAIR PREJUDICE',	'A Fanciful Documentary of a Frisbee And a Lumberjack who must Chase a Monkey in A Shark Tank',	2006,	1,	0,	5,	2.99,	117,	26.99,	'G',	'Commentaries', '2006-02-15 05:03');

INSERT INTO film (
film_id, title,DESCRIPTION,release_year, language_id,original_language_id, rental_duration,rental_rate, LENGTH,replacement_cost,rating,special_features, last_update)
VALUES (5,	'AFRICAN EGG',	'A Fast-Paced Documentary of a Pastry Chef And a Dentist who must Pursue a Forensic Psychologist in The Gulf of Mexico',	2006,	1,	0,	6,	2.99,	130,	22.99,	'G','	Deleted Scenes', '2006-02-15 05:03');




INSERT INTO film_actor (
actor_id, film_id, last_update)
VALUES (1,	1,'2006-02-15 05:05');

INSERT INTO film_actor (
actor_id, film_id, last_update)
VALUES (1,	23,'2006-02-15 05:05');

INSERT INTO film_actor (
actor_id, film_id, last_update)
VALUES (1,	25,'2006-02-15 05:05');


INSERT INTO film_actor (
actor_id, film_id, last_update)
VALUES (1,	106,'2006-02-15 05:05');


INSERT INTO film_actor (
actor_id, film_id, last_update)
VALUES (1,	140,'2006-02-15 05:05');


INSERT INTO film_actor (
actor_id, film_id, last_update)
VALUES (1,	166,'2006-02-15 05:05');


INSERT INTO film_actor (
actor_id, film_id, last_update)
VALUES (1,	277,'2006-02-15 05:05');


INSERT INTO film_actor (
actor_id, film_id, last_update)
VALUES (1,	361,'2006-02-15 05:05');


INSERT INTO film_actor (
actor_id, film_id, last_update)
VALUES (1,	438,'2006-02-15 05:05');


INSERT INTO film_actor (
actor_id, film_id, last_update)
VALUES (1,	499,'2006-02-15 05:05');



INSERT INTO film_category (
film_id, category_id, last_update)
VALUES (1,	6,'2006-02-15 05:07');

INSERT INTO film_category (
film_id, category_id, last_update)
VALUES (2,	11,'2006-02-15 05:07');

INSERT INTO film_category (
film_id, category_id, last_update)
VALUES (3,	6,'2006-02-15 05:07');

INSERT INTO film_category (
film_id, category_id, last_update)
VALUES (4,	11,'2006-02-15 05:07');

INSERT INTO film_category (
film_id, category_id, last_update)
VALUES (5,	8,'2006-02-15 05:07');

INSERT INTO film_category (
film_id, category_id, last_update)
VALUES (6,	9,'2006-02-15 05:07');

INSERT INTO film_category (
film_id, category_id, last_update)
VALUES (7,	5,'2006-02-15 05:07');

INSERT INTO film_category (
film_id, category_id, last_update)
VALUES (8,	11,'2006-02-15 05:07');

INSERT INTO film_category (
film_id, category_id, last_update)
VALUES (9,	11,'2006-02-15 05:07');

INSERT INTO film_category (
film_id, category_id, last_update)
VALUES (10,	15,'2006-02-15 05:07');






INSERT INTO film_text (
film_id, title, description)
VALUES (1,	'ACADEMY DINOSAUR'	,'A Epic Drama of a Feminist And a Mad Scientist who must Battle a Teacher in The Canadian Rockies');



INSERT INTO film_text (
film_id, title, description)
VALUES (2,	'ACE GOLDFINGER',	'A Astounding Epistle of a Database Administrator And a Explorer who must Find a Car in Ancient China');

INSERT INTO film_text (
film_id, title, description)
VALUES (3,	'ADAPTATION HOLES',	'A Astounding Reflection of a Lumberjack And a Car who must Sink a Lumberjack in A Baloon Factory');

INSERT INTO film_text (
film_id, title, description)
VALUES (4,	'AFFAIR PREJUDICE'	,'A Fanciful Documentary of a Frisbee And a Lumberjack who must Chase a Monkey in A Shark Tank');

INSERT INTO film_text (
film_id, title, description)
VALUES (5,	'AFRICAN EGG',	'A Fast-Paced Documentary of a Pastry Chef And a Dentist who must Pursue a Forensic Psychologist in The Gulf of Mexico');

INSERT INTO film_text (
film_id, title, description)
VALUES (6,	'AGENT TRUMAN'	,'A Intrepid Panorama of a Robot And a Boy who must Escape a Sumo Wrestler in Ancient China');

INSERT INTO film_text (
film_id, title, description)
VALUES (7,	'AIRPLANE SIERRA',	'A Touching Saga of a Hunter And a Butler who must Discover a Butler in A Jet Boat');

INSERT INTO film_text (
film_id, title, description)
VALUES (8,	'AIRPORT POLLOCK',	'A Epic Tale of a Moose And a Girl who must Confront a Monkey in Ancient India');

INSERT INTO film_text (
film_id, title, description)
VALUES (9,	'ALABAMA DEVIL',	'A Thoughtful Panorama of a Database Administrator And a Mad Scientist who must Outgun a Mad Scientist in A Jet Boat');

INSERT INTO film_text (
film_id, title, description)
VALUES (10,	'ALADDIN CALENDAR',	'A Action-Packed Tale of a Man And a Lumberjack who must Reach a Feminist in Ancient China');



SET FOREIGN_KEY_CHECKS=0;
INSERT INTO inventory (
inventory_id, film_id, store_id, last_update)
VALUES (1,1,1,'2006-02-15 05:09');

INSERT INTO inventory (
inventory_id, film_id, store_id, last_update)
VALUES (2,1,1,'2006-02-15 05:09');


INSERT INTO inventory (
inventory_id, film_id, store_id, last_update)
VALUES (3,1,1,'2006-02-15 05:09');


INSERT INTO inventory (
inventory_id, film_id, store_id, last_update)
VALUES (4,1,1,'2006-02-15 05:09');


INSERT INTO inventory (
inventory_id, film_id, store_id, last_update)
VALUES (5,1,2,'2006-02-15 05:09');


INSERT INTO inventory (
inventory_id, film_id, store_id, last_update)
VALUES (6,1,2,'2006-02-15 05:09');


INSERT INTO inventory (
inventory_id, film_id, store_id, last_update)
VALUES (7,1,2,'2006-02-15 05:09');


INSERT INTO inventory (
inventory_id, film_id, store_id, last_update)
VALUES (8,1,2,'2006-02-15 05:09');


INSERT INTO inventory (
inventory_id, film_id, store_id, last_update)
VALUES (9,2,2,'2006-02-15 05:09');


INSERT INTO inventory (
inventory_id, film_id, store_id, last_update)
VALUES (10,2,2,'2006-02-15 05:09');
SET FOREIGN_KEY_CHECKS=1;





INSERT INTO language (
language_id, name, last_update)
VALUES (1,	'English','2006-02-15 05:02');
INSERT INTO language (
language_id, name, last_update)
VALUES (2,	'Italian','2006-02-15 05:02');


INSERT INTO language (
language_id, name, last_update)
VALUES (3,	'Japanese','2006-02-15 05:02');


INSERT INTO language (
language_id, name, last_update)
VALUES (4,	'Mandarin','2006-02-15 05:02');


INSERT INTO language (
language_id, name, last_update)
VALUES (5,	'French','2006-02-15 05:02');


INSERT INTO language (
language_id, name, last_update)
VALUES (6,	'German','2006-02-15 05:02');









SET FOREIGN_KEY_CHECKS=0;

INSERT INTO payment (
payment_id,customer_id, staff_id, rental_id, amount, payment_date, last_update)
VALUES (1,	1,	1,	76,	2.99,'2005-05-25 11:30','2006-02-15 22:12');

INSERT INTO payment (
payment_id,customer_id, staff_id, rental_id, amount, payment_date, last_update)
VALUES (2,	1,	1,	573,	0.99,'2005-05-28 10:35','2006-02-15 22:12');


INSERT INTO payment (
payment_id,customer_id, staff_id, rental_id, amount, payment_date, last_update)
VALUES (3,	1,	1,	1185,	5.99,'2005-06-15 00:54','2006-02-15 22:12');


INSERT INTO payment (
payment_id,customer_id, staff_id, rental_id, amount, payment_date, last_update)
VALUES (4,	1,	2,	1422,	0.99,	'2005-06-15 18:02','2006-02-15 22:12');


INSERT INTO payment (
payment_id,customer_id, staff_id, rental_id, amount, payment_date, last_update)
VALUES (5,	1,	2,	1476,	9.99,	'2005-06-15 21:08','2006-02-15 22:12');
SET FOREIGN_KEY_CHECKS=1;



SET FOREIGN_KEY_CHECKS=0;
INSERT INTO rental (
rental_id,rental_date,inventory_id,customer_id,renturn_date,staff_id, last_update)
VALUES (1, '2005-05-24 22:53',	367,	130,'2005-05-26 22:04',		1,'2006-02-15 21:30');


INSERT INTO rental (
rental_id,rental_date,inventory_id,customer_id,renturn_date,staff_id, last_update)
VALUES (2, '2005-05-24 22:54',	1525,	459,'2005-05-28 19:40',		1,'2006-02-15 21:30');


INSERT INTO rental (
rental_id,rental_date,inventory_id,customer_id,renturn_date,staff_id, last_update)
VALUES (3, '2005-05-24 23:03',	1711,	408,'2005-06-01 22:12',		1,'2006-02-15 21:30');


INSERT INTO rental (
rental_id,rental_date,inventory_id,customer_id,renturn_date,staff_id, last_update)
VALUES (4, '2005-05-24 23:04',	2452,	333,'2005-06-03 01:43',		2,'2006-02-15 21:30');


INSERT INTO rental (
rental_id,rental_date,inventory_id,customer_id,renturn_date,staff_id, last_update)
VALUES (5, '2005-05-24 23:05',	2079,	222,'2005-06-02 04:33',		1,'2006-02-15 21:30');

SET FOREIGN_KEY_CHECKS=1;






SET FOREIGN_KEY_CHECKS=0;

INSERT INTO staff (
staff_id,first_name, last_name, address_id,picture, email,store_id,ACTIVE, username, password, last_update)
VALUES (1,	'Mike',	'Hillyer',	3,	'NULL',	'Mike.Hillyer@sakilastaff.com',	1,	1,	'Mike',	'8cb2237d0679ca88db6464eac60da96345513964','2022-01-23 11:02');


INSERT INTO staff (
staff_id,first_name, last_name, address_id,picture, email,store_id,ACTIVE, username, password, last_update)
VALUES (2,	'Jon'	,'Stephens',	4,	'NULL',	'Jon.Stephens@sakilastaff.com'	,2,	1,	'Jon'	,'NULL',	'2006-02-15 03:57');
SET FOREIGN_KEY_CHECKS=1;


SET FOREIGN_KEY_CHECKS=0;
INSERT INTO store (
store_id,manager_staff_id, address_id, last_update)
VALUES (1,	1,	1,'2006-02-15 04:57');

INSERT INTO store (
store_id,manager_staff_id, address_id, last_update)
VALUES (2,	2,	2,'2006-02-15 04:57');

SET FOREIGN_KEY_CHECKS=1;